https://3dsleep.com.au/,Status 400,elementor-sub-item,elementor-sub-item,https://3dsleep.com.au/?page_id=54151
https://3dsleep.com.au/,Status 400,elementor-sub-item,elementor-sub-item,https://3dsleep.com.au/?page_id=54151
https://3dsleep.com.au/,Attempts: 161,Total: 12, Href: 10, Status: 2
https://3dsleepinstitute.com.au/,Attempts: 26,Total: 0, Href: 0, Status: 0
https://aedauthority.com.au/,Attempts: 120,Total: 0, Href: 0, Status: 0
https://baasarstone.com.au/,Attempts: 126,Total: 6, Href: 6, Status: 0
https://bins4blokes.org.au/,Attempts: 67,Total: 2, Href: 2, Status: 0
https://brimbankbusinesslink.com.au/,Attempts: 65,Total: 0, Href: 0, Status: 0
https://cfaphysios.com.au/,Attempts: 25,Total: 0, Href: 0, Status: 0
https://clearscopelegal.com.au/,Attempts: 107,Total: 0, Href: 0, Status: 0
https://dawn.com.au/,Attempts: 119,Total: 0, Href: 0, Status: 0
https://digitaltreasury.com.au/,Attempts: 205,Total: 2, Href: 2, Status: 0
https://educationhorizons.com/,Attempts: 159,Total: 0, Href: 0, Status: 0
https://farmcafe.com.au/,Attempts: 144,Total: 0, Href: 0, Status: 0
https://www.goagainsttheflow.org.au/,Attempts: 41,Total: 0, Href: 0, Status: 0
https://www.highettpodiatry.com.au/,Attempts: 337,Total: 0, Href: 0, Status: 0
https://iharvestcoworking.com.au/,Attempts: 77,Total: 0, Href: 0, Status: 0
https://www.inconfidence.org.au/,Attempts: 49,Total: 0, Href: 0, Status: 0
https://intmowers.com.au/,Attempts: 190,Total: 4, Href: 4, Status: 0
https://www.kitlegal.com.au/,Attempts: 23,Total: 0, Href: 0, Status: 0
https://macdonnells.com.au/,Attempts: 107,Total: 0, Href: 0, Status: 0
https://www.mansemedical.com.au/,Attempts: 306,Total: 0, Href: 0, Status: 0
https://melbournefootclinic.com.au/,Attempts: 217,Total: 0, Href: 0, Status: 0
https://www.melbourneheartcare.com.au/,Attempts: 124,Total: 5, Href: 5, Status: 0
https://mepacs.com.au/,Attempts: 83,Total: 3, Href: 3, Status: 0
https://merkle.com.au/,Attempts: 178,Total: 0, Href: 0, Status: 0
https://motormoney.com.au/,Attempts: 87,Total: 2, Href: 2, Status: 0
https://pelvicexercise4u.com/,Status 400,null,null,https://pelvicexercise4u.com/?page_id=3
https://pelvicexercise4u.com/,Attempts: 56,Total: 9, Href: 8, Status: 1
https://www.pelvicfloorfirst.org.au/,Attempts: 166,Total: 0, Href: 0, Status: 0
https://www.pharmacysmart.com.au/,Attempts: 72,Total: 6, Href: 6, Status: 0
https://purplefoods.com.au/,Attempts: 20,Total: 0, Href: 0, Status: 0
https://richdaleplastics.com.au/,Attempts: 63,Total: 0, Href: 0, Status: 0
https://scagaustralia.com.au/,Status 400,null,null,https://scagaustralia.com.au/?post_type=product&p=3764
https://scagaustralia.com.au/,Status 400,null,null,https://scagaustralia.com.au/?post_type=product&p=3764
https://scagaustralia.com.au/,Attempts: 236,Total: 3, Href: 1, Status: 2
https://sentiaanalysis.com/,Attempts: 95,Total: 0, Href: 0, Status: 0
https://www.sinclairdermatology.com.au/,Status 400,null,null,https://www.sinclairdermatology.com.au/treatments/melanoma/
https://www.sinclairdermatology.com.au/,Status 400,null,null,https://www.sinclairdermatology.com.au/treatments/melanoma/
https://www.sinclairdermatology.com.au/,Attempts: 136,Total: 17, Href: 15, Status: 2
https://qcskinclinic.com.au/,Attempts: 166,Total: 0, Href: 0, Status: 0
https://sleepwise.com.au/,Attempts: 241,Total: 0, Href: 0, Status: 0
https://surgivision.com.au/,Attempts: 55,Total: 0, Href: 0, Status: 0
https://www.itconsultants.com.au/,Attempts: 82,Total: 0, Href: 0, Status: 0
https://taubepilates.com/,Attempts: 67,Total: 0, Href: 0, Status: 0
https://thebatterybase.com.au/,Attempts: 290,Total: 5, Href: 5, Status: 0
https://universalbiosensors.com/,Attempts: 78,Total: 1, Href: 1, Status: 0
https://vacl.org.au/,Attempts: 62,Total: 1, Href: 1, Status: 0
